{
  "Ansi 7 Color (Light)" : {
    "Red Component" : 0.7810397744178772,
    "Color Space" : "sRGB",
    "Blue Component" : 0.78104829788208008,
    "Alpha Component" : 1,
    "Green Component" : 0.78105825185775757
  },
  "Ansi 15 Color (Light)" : {
    "Red Component" : 0.99999600648880005,
    "Color Space" : "sRGB",
    "Blue Component" : 1,
    "Alpha Component" : 1,
    "Green Component" : 1
  },
  "Ansi 2 Color (Light)" : {
    "Red Component" : 0,
    "Color Space" : "sRGB",
    "Blue Component" : 0,
    "Alpha Component" : 1,
    "Green Component" : 0.7607843279838562
  },
  "Bold Color" : {
    "Red Component" : 0.062745101749897003,
    "Color Space" : "sRGB",
    "Blue Component" : 0.062745101749897003,
    "Alpha Component" : 1,
    "Green Component" : 0.062745101749897003
  },
  "Ansi 1 Color (Dark)" : {
    "Red Component" : 0.96078431606292725,
    "Color Space" : "sRGB",
    "Blue Component" : 0.56862747669219971,
    "Alpha Component" : 1,
    "Green Component" : 0.63137257099151611
  },
  "Use Bright Bold" : true,
  "Ansi 9 Color (Light)" : {
    "Red Component" : 0.8659515380859375,
    "Color Space" : "sRGB",
    "Blue Component" : 0.45833224058151245,
    "Alpha Component" : 1,
    "Green Component" : 0.47524076700210571
  },
  "Ansi 8 Color (Dark)" : {
    "Red Component" : 0.20784313976764679,
    "Color Space" : "sRGB",
    "Blue Component" : 0.22352941334247589,
    "Alpha Component" : 1,
    "Green Component" : 0.20784313976764679
  },
  "Background Color" : {
    "Red Component" : 0.97999999999999998,
    "Color Space" : "sRGB",
    "Blue Component" : 0.97999999999999998,
    "Alpha Component" : 1,
    "Green Component" : 0.97999999999999998
  },
  "Columns" : 80,
  "Ansi 8 Color" : {
    "Red Component" : 0.40781760215759277,
    "Color Space" : "sRGB",
    "Blue Component" : 0.4078223705291748,
    "Alpha Component" : 1,
    "Green Component" : 0.40782788395881653
  },
  "Right Option Key Sends" : 0,
  "Ansi 4 Color (Light)" : {
    "Red Component" : 0.15404300391674042,
    "Color Space" : "sRGB",
    "Blue Component" : 0.78216177225112915,
    "Alpha Component" : 1,
    "Green Component" : 0.26474356651306152
  },
  "Blinking Cursor" : false,
  "Selected Text Color (Light)" : {
    "Red Component" : 0,
    "Color Space" : "sRGB",
    "Blue Component" : 0,
    "Alpha Component" : 1,
    "Green Component" : 0
  },
  "Selected Text Color (Dark)" : {
    "Red Component" : 0.75686275959014893,
    "Color Space" : "sRGB",
    "Blue Component" : 0.83137255907058716,
    "Alpha Component" : 1,
    "Green Component" : 0.75294119119644165
  },
  "Ansi 3 Color (Dark)" : {
    "Red Component" : 0.90196079015731812,
    "Color Space" : "sRGB",
    "Blue Component" : 0.61568629741668701,
    "Alpha Component" : 1,
    "Green Component" : 0.72549021244049072
  },
  "Keyboard Map" : {

  },
  "Visual Bell" : true,
  "Cursor Text Color" : {
    "Red Component" : 1,
    "Color Space" : "sRGB",
    "Blue Component" : 1,
    "Alpha Component" : 1,
    "Green Component" : 1
  },
  "Scrollback Lines" : 0,
  "Selection Color (Light)" : {
    "Red Component" : 0.70196080207824707,
    "Color Space" : "sRGB",
    "Blue Component" : 1,
    "Alpha Component" : 1,
    "Green Component" : 0.84313726425170898
  },
  "Ansi 0 Color" : {
    "Red Component" : 0.078431375324726105,
    "Color Space" : "sRGB",
    "Blue Component" : 0.11764705926179886,
    "Alpha Component" : 1,
    "Green Component" : 0.098039217293262482
  },
  "Match Background Color (Dark)" : {
    "Red Component" : 0.99697142839431763,
    "Color Space" : "P3",
    "Blue Component" : 0.32116127014160156,
    "Alpha Component" : 1,
    "Green Component" : 0.98600882291793823
  },
  "Ansi 11 Color (Light)" : {
    "Red Component" : 0.9259033203125,
    "Color Space" : "sRGB",
    "Blue Component" : 0,
    "Alpha Component" : 1,
    "Green Component" : 0.8833775520324707
  },
  "Ansi 5 Color (Dark)" : {
    "Red Component" : 0.88627451658248901,
    "Color Space" : "sRGB",
    "Blue Component" : 0.7921568751335144,
    "Alpha Component" : 1,
    "Green Component" : 0.61960786581039429
  },
  "Cursor Text Color (Light)" : {
    "Red Component" : 1,
    "Color Space" : "sRGB",
    "Blue Component" : 1,
    "Alpha Component" : 1,
    "Green Component" : 1
  },
  "Silence Bell" : true,
  "Rows" : 25,
  "Draw Powerline Glyphs" : false,
  "Guid" : "0A683D31-2B02-4DCC-96F2-60851FE9DC9D",
  "Ansi 14 Color (Dark)" : {
    "Red Component" : 0.96078431606292725,
    "Color Space" : "sRGB",
    "Blue Component" : 0.69803923368453979,
    "Alpha Component" : 1,
    "Green Component" : 0.56862747669219971
  },
  "Ansi 15 Color (Dark)" : {
    "Red Component" : 0.7921568751335144,
    "Color Space" : "sRGB",
    "Blue Component" : 0.86666667461395264,
    "Alpha Component" : 1,
    "Green Component" : 0.78823530673980713
  },
  "Ansi 0 Color (Dark)" : {
    "Red Component" : 0.15294118225574493,
    "Color Space" : "sRGB",
    "Blue Component" : 0.16470588743686676,
    "Alpha Component" : 1,
    "Green Component" : 0.15294118225574493
  },
  "Ambiguous Double Width" : false,
  "Option Key Sends" : 0,
  "Ansi 3 Color" : {
    "Red Component" : 0.78058648109436035,
    "Color Space" : "sRGB",
    "Blue Component" : 0,
    "Alpha Component" : 1,
    "Green Component" : 0.76959484815597534
  },
  "Window Type" : 0,
  "BM Growl" : true,
  "Prompt Before Closing 2" : false,
  "Command" : "",
  "Selected Text Color" : {
    "Red Component" : 0,
    "Color Space" : "sRGB",
    "Blue Component" : 0,
    "Alpha Component" : 1,
    "Green Component" : 0
  },
  "Ansi 14 Color (Light)" : {
    "Red Component" : 0.37597531080245972,
    "Color Space" : "sRGB",
    "Blue Component" : 1,
    "Alpha Component" : 1,
    "Green Component" : 0.99263292551040649
  },
  "Cursor Guide Color (Dark)" : {
    "Red Component" : 0.10588235408067703,
    "Color Space" : "sRGB",
    "Blue Component" : 0.11372549086809158,
    "Alpha Component" : 1,
    "Green Component" : 0.10588235408067703
  },
  "ASCII Ligatures" : false,
  "Send Code When Idle" : false,
  "Ansi 6 Color" : {
    "Red Component" : 0,
    "Color Space" : "sRGB",
    "Blue Component" : 0.78166204690933228,
    "Alpha Component" : 1,
    "Green Component" : 0.77425903081893921
  },
  "Jobs to Ignore" : [
    "rlogin",
    "ssh",
    "slogin",
    "telnet"
  ],
  "Badge Color (Dark)" : {
    "Red Component" : 0.94117647409439087,
    "Color Space" : "sRGB",
    "Blue Component" : 0.66274511814117432,
    "Alpha Component" : 0.5,
    "Green Component" : 0.77254903316497803
  },
  "Cursor Color" : {
    "Red Component" : 0,
    "Color Space" : "sRGB",
    "Blue Component" : 0,
    "Alpha Component" : 1,
    "Green Component" : 0
  },
  "Vertical Spacing" : 1,
  "Bound Hosts" : [

  ],
  "Disable Window Resizing" : true,
  "Close Sessions On End" : true,
  "Selection Color (Dark)" : {
    "Red Component" : 0.16470588743686676,
    "Color Space" : "sRGB",
    "Blue Component" : 0.17647059261798859,
    "Alpha Component" : 1,
    "Green Component" : 0.16470588743686676
  },
  "Default Bookmark" : "No",
  "Foreground Color (Light)" : {
    "Red Component" : 0.062745098039215685,
    "Color Space" : "sRGB",
    "Blue Component" : 0.062745098039215685,
    "Alpha Component" : 1,
    "Green Component" : 0.062745098039215685
  },
  "Custom Command" : "No",
  "Background Color (Dark)" : {
    "Red Component" : 0,
    "Color Space" : "sRGB",
    "Blue Component" : 0,
    "Alpha Component" : 1,
    "Green Component" : 0
  },
  "Ansi 9 Color" : {
    "Red Component" : 0.8659515380859375,
    "Color Space" : "sRGB",
    "Blue Component" : 0.45833224058151245,
    "Alpha Component" : 1,
    "Green Component" : 0.47524076700210571
  },
  "Ansi 14 Color" : {
    "Red Component" : 0.37597531080245972,
    "Color Space" : "sRGB",
    "Blue Component" : 1,
    "Alpha Component" : 1,
    "Green Component" : 0.99263292551040649
  },
  "Flashing Bell" : false,